{
	"info": {
		"_postman_id": "c6f89fc8-2f08-457e-8bbc-40154735a5bd",
		"name": "book service",
		"schema": "https://schema.getpostman.com/json/collection/v2.1.0/collection.json",
		"_exporter_id": "40067407"
	},
	"item": [
		{
			"name": "get orders",
			"request": {
				"method": "GET",
				"header": [],
				"url": {
					"raw": "localhost:3000/api/orders/:user_id",
					"host": [
						"localhost"
					],
					"port": "3000",
					"path": [
						"api",
						"orders",
						":user_id"
					],
					"variable": [
						{
							"key": "user_id",
							"value": "1"
						}
					]
				}
			},
			"response": []
		},
		{
			"name": "add order",
			"request": {
				"method": "POST",
				"header": [],
				"body": {
					"mode": "raw",
					"raw": "{\n  \"user_id\": 1,\n  \"book_id\": 2,\n  \"quantity\": 3\n}\n",
					"options": {
						"raw": {
							"language": "json"
						}
					}
				},
				"url": {
					"raw": "localhost:3000/api/orders",
					"host": [
						"localhost"
					],
					"port": "3000",
					"path": [
						"api",
						"orders"
					]
				}
			},
			"response": []
		},
		{
			"name": "delete order",
			"request": {
				"method": "DELETE",
				"header": [],
				"body": {
					"mode": "raw",
					"raw": "",
					"options": {
						"raw": {
							"language": "json"
						}
					}
				},
				"url": {
					"raw": "localhost:3000/api/orders/:order_id",
					"host": [
						"localhost"
					],
					"port": "3000",
					"path": [
						"api",
						"orders",
						":order_id"
					],
					"variable": [
						{
							"key": "order_id",
							"value": "2"
						}
					]
				}
			},
			"response": []
		},
		{
			"name": "update order quantity",
			"request": {
				"method": "PATCH",
				"header": [],
				"body": {
					"mode": "raw",
					"raw": "{\n    \"quantity\": 3\n}",
					"options": {
						"raw": {
							"language": "json"
						}
					}
				},
				"url": {
					"raw": "localhost:3000/api/orders/:order_id",
					"host": [
						"localhost"
					],
					"port": "3000",
					"path": [
						"api",
						"orders",
						":order_id"
					],
					"variable": [
						{
							"key": "order_id",
							"value": "2"
						}
					]
				}
			},
			"response": []
		},
		{
			"name": "get books",
			"protocolProfileBehavior": {
				"disableBodyPruning": true
			},
			"request": {
				"method": "GET",
				"header": [],
				"body": {
					"mode": "raw",
					"raw": "",
					"options": {
						"raw": {
							"language": "json"
						}
					}
				},
				"url": {
					"raw": "localhost:3000/api/books",
					"host": [
						"localhost"
					],
					"port": "3000",
					"path": [
						"api",
						"books"
					]
				}
			},
			"response": []
		},
		{
			"name": "get book by id",
			"protocolProfileBehavior": {
				"disableBodyPruning": true
			},
			"request": {
				"method": "GET",
				"header": [],
				"body": {
					"mode": "raw",
					"raw": "",
					"options": {
						"raw": {
							"language": "json"
						}
					}
				},
				"url": {
					"raw": "localhost:3000/api/books/:id",
					"host": [
						"localhost"
					],
					"port": "3000",
					"path": [
						"api",
						"books",
						":id"
					],
					"variable": [
						{
							"key": "id",
							"value": "1"
						}
					]
				}
			},
			"response": []
		},
		{
			"name": "create book",
			"request": {
				"method": "POST",
				"header": [],
				"body": {
					"mode": "raw",
					"raw": "{\n    \"name\": \"Ala ma Kota\",\n    \"author\": \"Adam Malysz\",\n    \"year\": 1947\n}",
					"options": {
						"raw": {
							"language": "json"
						}
					}
				},
				"url": {
					"raw": "localhost:3000/api/books",
					"host": [
						"localhost"
					],
					"port": "3000",
					"path": [
						"api",
						"books"
					]
				}
			},
			"response": []
		},
		{
			"name": "delete book by id",
			"request": {
				"method": "DELETE",
				"header": [],
				"url": {
					"raw": "localhost:3000/api/books/:id",
					"host": [
						"localhost"
					],
					"port": "3000",
					"path": [
						"api",
						"books",
						":id"
					],
					"variable": [
						{
							"key": "id",
							"value": "1"
						}
					]
				}
			},
			"response": []
		},
		{
			"name": "user login",
			"request": {
				"method": "POST",
				"header": [],
				"body": {
					"mode": "raw",
					"raw": "{\n  \"email\": \"adammalysz@example.com\",\n  \"password\": \"123456\"\n}\n",
					"options": {
						"raw": {
							"language": "json"
						}
					}
				},
				"url": {
					"raw": "localhost:3000/api/login",
					"host": [
						"localhost"
					],
					"port": "3000",
					"path": [
						"api",
						"login"
					]
				}
			},
			"response": []
		},
		{
			"name": "create user",
			"request": {
				"method": "POST",
				"header": [],
				"body": {
					"mode": "raw",
					"raw": "{\n  \"email\": \"adammalysz@example.com\",\n  \"password\": \"123456\"\n}\n",
					"options": {
						"raw": {
							"language": "json"
						}
					}
				},
				"url": {
					"raw": "localhost:3000/api/register",
					"host": [
						"localhost"
					],
					"port": "3000",
					"path": [
						"api",
						"register"
					]
				}
			},
			"response": []
		}
	]
}